Betriebs-Nr,Betriebsname,Einleitungsart,Anhang der AbwV,Nr. 4. BImSchV,IED-Nr.,Gemeinde,Zust. Behörde,Arbeitsstätten-Nr.,District,Annex_Num,utm_east,utm_north,anfallstellen_json,max_abwasservolumen_d,max_abwasservolumen_h,gesamtabwasser_a
358540,976. Wasserschneideanlage,Indirekteinleitung,"40 Metallbearbeitung, Metallverarbeitung",,,Düren,Kreis Düren,,D_ren,40.0,323268,5627678,"[{""nr"": 1, ""max_d"": null, ""max_h"": null, ""max_a"": null}]",,,
22225,Anker Gebr. Schoeller GmbH & Co KG,"industrielle/gewerbliche Direkteinleitung
Indirekteinleitung","38 Textilherstellung, Textilveredlung
31 Wasseraufbereitung, Kühlsysteme, Dampferzeugung","10.23
1.2.3.1",0,Düren,BR Köln,0918509,D_ren,38.0,321452,5632513,"[{""nr"": 1, ""bezeichnung"": ""NW->E2"", ""abwasserbeschaffenheit"": ""Niederschlagswasser ohne Sonderbauwerk"", ""anhang"": """", ""max_d"": null, ""max_h"": null, ""max_a"": null}, {""nr"": 2, ""bezeichnung"": ""NW->E3"", ""abwasserbeschaffenheit"": ""Niederschlagswasser ohne Sonderbauwerk"", ""anhang"": """", ""max_d"": null, ""max_h"": null, ""max_a"": null}, {""nr"": 3, ""bezeichnung"": ""NW->E4"", ""abwasserbeschaffenheit"": ""Niederschlagswasser ohne Sonderbauwerk"", ""anhang"": """", ""max_d"": null, ""max_h"": null, ""max_a"": null}, {""nr"": 4, ""bezeichnung"": ""NW->E5"", ""abwasserbeschaffenheit"": ""Niederschlagswasser ohne Sonderbauwerk"", ""anhang"": """", ""max_d"": null, ""max_h"": null, ""max_a"": null}, {""nr"": 5, ""bezeichnung"": ""Kesselwasser"", ""abwasserbeschaffenheit"": ""Produktionsabwasser"", ""anhang"": ""31 Wasseraufbereitung, Kühlsysteme, Dampferzeugung"", ""max_d"": null, ""max_h"": null, ""max_a"": ""4850""}, {""nr"": 6, ""bezeichnung"": ""NW->E9"", ""abwasserbeschaffenheit"": ""Niederschlagswasser ohne Sonderbauwerk"", ""anhang"": """", ""max_d"": null, ""max_h"": null, ""max_a"": null}, {""nr"": 7, ""bezeichnung"": ""NW->E8"", ""abwasserbeschaffenheit"": ""Niederschlagswasser ohne Sonderbauwerk"", ""anhang"": """", ""max_d"": null, ""max_h"": null, ""max_a"": null}, {""nr"": 8, ""bezeichnung"": ""NW->E7"", ""abwasserbeschaffenheit"": ""Niederschlagswasser ohne Sonderbauwerk"", ""anhang"": """", ""max_d"": null, ""max_h"": null, ""max_a"": null}, {""nr"": 9, ""bezeichnung"": ""NW->E6"", ""abwasserbeschaffenheit"": ""Niederschlagswasser ohne Sonderbauwerk"", ""anhang"": """", ""max_d"": null, ""max_h"": null, ""max_a"": null}, {""nr"": 10, ""bezeichnung"": ""KÜWA E8"", ""abwasserbeschaffenheit"": ""Kühlwasser"", ""anhang"": ""31 Wasseraufbereitung, Kühlsysteme, Dampferzeugung"", ""max_d"": null, ""max_h"": ""240"", ""max_a"": null}, {""nr"": 11, ""bezeichnung"": ""Textilherstellung"", ""abwasserbeschaffenheit"": ""Produktionsabwasser"", ""anhang"": ""38 Textilherstellung, Textilveredlung"", ""max_d"": null, ""max_h"": null, ""max_a"": null}, {""nr"": 12, ""bezeichnung"": ""Textilherstellung"", ""abwasserbeschaffenheit"": ""Produktionsabwasser"", ""anhang"": ""38 Textilherstellung, Textilveredlung"", ""max_d"": null, ""max_h"": null, ""max_a"": null}, {""nr"": 13, ""bezeichnung"": ""Textilherstellung"", ""abwasserbeschaffenheit"": ""Produktionsabwasser"", ""anhang"": ""38 Textilherstellung, Textilveredlung"", ""max_d"": null, ""max_h"": null, ""max_a"": null}, {""nr"": 14, ""bezeichnung"": ""NW -> E1"", ""abwasserbeschaffenheit"": ""Niederschlagswasser ohne Sonderbauwerk"", ""anhang"": """", ""max_d"": null, ""max_h"": null, ""max_a"": null}, {""nr"": 15, ""bezeichnung"": ""NW -> E19"", ""abwasserbeschaffenheit"": ""Niederschlagswasser ohne Sonderbauwerk"", ""anhang"": """", ""max_d"": null, ""max_h"": null, ""max_a"": null}, {""nr"": 16, ""bezeichnung"": ""NW->E10"", ""abwasserbeschaffenheit"": ""Niederschlagswasser ohne Sonderbauwerk"", ""anhang"": """", ""max_d"": null, ""max_h"": null, ""max_a"": null}, {""nr"": 17, ""bezeichnung"": ""NW->E11"", ""abwasserbeschaffenheit"": ""Niederschlagswasser ohne Sonderbauwerk"", ""anhang"": """", ""max_d"": null, ""max_h"": null, ""max_a"": null}, {""nr"": 18, ""bezeichnung"": ""NW->E12"", ""abwasserbeschaffenheit"": ""Niederschlagswasser ohne Sonderbauwerk"", ""anhang"": """", ""max_d"": null, ""max_h"": null, ""max_a"": null}, {""nr"": 19, ""bezeichnung"": ""NW->E13"", ""abwasserbeschaffenheit"": ""Niederschlagswasser ohne Sonderbauwerk"", ""anhang"": """", ""max_d"": null, ""max_h"": null, ""max_a"": null}, {""nr"": 20, ""bezeichnung"": ""NW->E14"", ""abwasserbeschaffenheit"": ""Niederschlagswasser ohne Sonderbauwerk"", ""anhang"": """", ""max_d"": null, ""max_h"": null, ""max_a"": null}, {""nr"": 21, ""bezeichnung"": ""NW->E16"", ""abwasserbeschaffenheit"": ""Niederschlagswasser ohne Sonderbauwerk"", ""anhang"": """", ""max_d"": null, ""max_h"": null, ""max_a"": null}, {""nr"": 22, ""bezeichnung"": ""NW->E17"", ""abwasserbeschaffenheit"": ""Niederschlagswasser ohne Sonderbauwerk"", ""anhang"": """", ""max_d"": null, ""max_h"": null, ""max_a"": null}, {""nr"": 23, ""bezeichnung"": ""NW->E18"", ""abwasserbeschaffenheit"": ""Niederschlagswasser ohne Sonderbauwerk"", ""anhang"": """", ""max_d"": null, ""max_h"": null, ""max_a"": null}, {""nr"": 24, ""bezeichnung"": ""NW->E20"", ""abwasserbeschaffenheit"": ""Niederschlagswasser ohne Sonderbauwerk"", ""anhang"": """", ""max_d"": null, ""max_h"": null, ""max_a"": null}, {""nr"": 25, ""bezeichnung"": ""NW->E21"", ""abwasserbeschaffenheit"": ""Niederschlagswasser ohne Sonderbauwerk"", ""anhang"": """", ""max_d"": null, ""max_h"": null, ""max_a"": null}, {""nr"": 26, ""bezeichnung"": ""NW->E22"", ""abwasserbeschaffenheit"": ""Niederschlagswasser ohne Sonderbauwerk"", ""anhang"": """", ""max_d"": null, ""max_h"": null, ""max_a"": null}]",,240,4850
358154,Autolackiererei,Indirekteinleitung,"40 Metallbearbeitung, Metallverarbeitung",,,Linnich,Kreis Düren,,D_ren,40.0,306952,5647850,"[{""nr"": 1, ""bezeichnung"": ""Nassschleifen von Kfz"", ""abwasserbeschaffenheit"": ""sonstiges Abwasser (verändertes Wasser)"", ""anhang"": ""40 Metallbearbeitung, Metallverarbeitung"", ""max_d"": null, ""max_h"": null, ""max_a"": null}]",,,
358203,Autolackiererei,Indirekteinleitung,"40 Metallbearbeitung, Metallverarbeitung",,,Düren,Kreis Düren,,D_ren,40.0,325125,5632043,"[{""nr"": 1, ""bezeichnung"": ""Naßschleiferei"", ""abwasserbeschaffenheit"": ""sonstiges Abwasser (verändertes Wasser)"", ""anhang"": ""40 Metallbearbeitung, Metallverarbeitung"", ""max_d"": null, ""max_h"": null, ""max_a"": null}]",,,
2225874,Consumer Medical Care GmbH,Indirekteinleitung,"38 Textilherstellung, Textilveredlung
31 Wasseraufbereitung, Kühlsysteme, Dampferzeugung","5.1.1.2
10.10.1","0
6.2",Düren,Kreis Düren,9989278,D_ren,38.0,320910,5634150,"[{""nr"": 1, ""bezeichnung"": ""Dampferzeugung"", ""abwasserbeschaffenheit"": ""Produktionsabwasser"", ""anhang"": ""31 Wasseraufbereitung, Kühlsysteme, Dampferzeugung"", ""max_d"": null, ""max_h"": null, ""max_a"": null}, {""nr"": 2, ""bezeichnung"": ""Textilveredelung"", ""abwasserbeschaffenheit"": ""Produktionsabwasser"", ""anhang"": ""38 Textilherstellung, Textilveredlung"", ""max_d"": null, ""max_h"": null, ""max_a"": null}, {""nr"": 3, ""bezeichnung"": ""Wasseraufbereitung"", ""abwasserbeschaffenheit"": ""Produktionsabwasser"", ""anhang"": ""31 Wasseraufbereitung, Kühlsysteme, Dampferzeugung"", ""max_d"": null, ""max_h"": null, ""max_a"": null}]",,,
358196,Eloxal u. Hartanodisation,Indirekteinleitung,"40 Metallbearbeitung, Metallverarbeitung",,,Jülich,Kreis Düren,,D_ren,40.0,315173,5644115,"[{""nr"": 1, ""bezeichnung"": ""Eloxal u. Hartanodisation"", ""abwasserbeschaffenheit"": ""sonstiges Abwasser (verändertes Wasser)"", ""anhang"": ""40 Metallbearbeitung, Metallverarbeitung"", ""max_d"": null, ""max_h"": null, ""max_a"": null}]",,,
2222532,Enaspol GmbH,Indirekteinleitung,22 Chemische Industrie,4.1.11,4.1.k,Düren,BR Köln,9015435,D_ren,22.0,323028,5627578,"[{""nr"": 1, ""bezeichnung"": ""Waschrohstoffherstellung"", ""abwasserbeschaffenheit"": ""Produktionsabwasser"", ""anhang"": ""22 Chemische Industrie"", ""max_d"": null, ""max_h"": null, ""max_a"": ""24217""}]",,,24217
358418,Entfettung von Metallteilen,Indirekteinleitung,"40 Metallbearbeitung, Metallverarbeitung",,,Jülich,Kreis Düren,,D_ren,40.0,314608,5642968,"[{""nr"": 1, ""bezeichnung"": ""Entfettung von Metallteilen"", ""abwasserbeschaffenheit"": ""sonstiges Abwasser (verändertes Wasser)"", ""anhang"": ""40 Metallbearbeitung, Metallverarbeitung"", ""max_d"": null, ""max_h"": null, ""max_a"": null}]",,,
358480,Gleitschleiferei,industrielle/gewerbliche Direkteinleitung,"40 Metallbearbeitung, Metallverarbeitung",,,Kreuzau,Kreis Düren,,D_ren,40.0,324917,5626533,"[{""nr"": 1, ""bezeichnung"": ""Gleitschleiferei"", ""abwasserbeschaffenheit"": ""sonstiges Abwasser (verändertes Wasser)"", ""anhang"": ""40 Metallbearbeitung, Metallverarbeitung"", ""max_d"": null, ""max_h"": null, ""max_a"": null}]",,,
35859,Kfz-Lackierung,Indirekteinleitung,"40 Metallbearbeitung, Metallverarbeitung",,,Niederzier,Kreis Düren,,D_ren,40.0,319490,5638050,"[{""nr"": 1, ""bezeichnung"": ""Naßschleiferei"", ""abwasserbeschaffenheit"": ""sonstiges Abwasser (verändertes Wasser)"", ""anhang"": ""40 Metallbearbeitung, Metallverarbeitung"", ""max_d"": null, ""max_h"": null, ""max_a"": null}]",,,
358424,Oberflächenbehandlung v. Metallen,Indirekteinleitung,"40 Metallbearbeitung, Metallverarbeitung",,,Düren,Kreis Düren,,D_ren,40.0,321158,5635622,"[{""nr"": 1, ""bezeichnung"": ""Oberflächenbeh. v. Metallen"", ""abwasserbeschaffenheit"": ""sonstiges Abwasser (verändertes Wasser)"", ""anhang"": ""40 Metallbearbeitung, Metallverarbeitung"", ""max_d"": null, ""max_h"": null, ""max_a"": null}]",,,
2222989,OTEC Oberflächentechnik GmbH & Co. KG,Indirekteinleitung,"40 Metallbearbeitung, Metallverarbeitung",3.10.1,2.6,Düren,BR Köln,9000909,D_ren,40.0,322251,5626799,"[{""nr"": 1, ""bezeichnung"": ""Lohnbeizerei"", ""abwasserbeschaffenheit"": ""Produktionsabwasser"", ""anhang"": ""40 Metallbearbeitung, Metallverarbeitung"", ""max_d"": null, ""max_h"": null, ""max_a"": ""5600""}]",,,5600
22211,Papierfabrik Zerkall / Renker & Söhne GmbH & Co KG,industrielle/gewerbliche Direkteinleitung,"28 Herstellung von Papier, Karton oder Pappe",,,Hürtgenwald,Kreis Düren,0918499,D_ren,28.0,319739,5618376,"[{""nr"": 1, ""bezeichnung"": ""NW -> E2"", ""abwasserbeschaffenheit"": ""Niederschlagswasser ohne Sonderbauwerk"", ""anhang"": """", ""max_d"": null, ""max_h"": null, ""max_a"": null}, {""nr"": 2, ""bezeichnung"": ""NW -> E1"", ""abwasserbeschaffenheit"": ""Niederschlagswasser ohne Sonderbauwerk"", ""anhang"": """", ""max_d"": null, ""max_h"": null, ""max_a"": null}, {""nr"": 3, ""bezeichnung"": ""Produktionsabwasser"", ""abwasserbeschaffenheit"": ""Produktionsabwasser"", ""anhang"": ""28 Herstellung von Papier, Karton oder Pappe"", ""max_d"": null, ""max_h"": null, ""max_a"": null}, {""nr"": 4, ""bezeichnung"": ""NW -> E3"", ""abwasserbeschaffenheit"": ""Niederschlagswasser ohne Sonderbauwerk"", ""anhang"": """", ""max_d"": null, ""max_h"": null, ""max_a"": null}]",,,
22232251,Sumteq GmbH,Indirekteinleitung,"22 Chemische Industrie
31.2 Nr. 2.2 Anforderungen an das Abwasser aus Wasseraufbereitung",,,Düren,BR Köln,,D_ren,22.0,320569,5633604,"[{""nr"": 1, ""bezeichnung"": ""Polymerisation"", ""abwasserbeschaffenheit"": ""Produktionsabwasser"", ""anhang"": ""22 Chemische Industrie"", ""max_d"": null, ""max_h"": null, ""max_a"": null}, {""nr"": 2, ""bezeichnung"": ""Wasseraufbereitung"", ""abwasserbeschaffenheit"": ""Produktionsabwasser"", ""anhang"": ""31.2 Nr. 2.2 Anforderungen an das Abwasser aus Wasseraufbereitung"", ""max_d"": null, ""max_h"": null, ""max_a"": null}]",,,
358481,Teilereinigung,industrielle/gewerbliche Direkteinleitung,"40 Metallbearbeitung, Metallverarbeitung",,,Linnich,Kreis Düren,,D_ren,40.0,308600,5652020,"[{""nr"": 1, ""bezeichnung"": ""Teilereinigungsmaschine"", ""abwasserbeschaffenheit"": ""sonstiges Abwasser (verändertes Wasser)"", ""anhang"": ""40 Metallbearbeitung, Metallverarbeitung"", ""max_d"": null, ""max_h"": null, ""max_a"": null}]",,,
358558,Teppichreinigung,,55 Wäschereien,,,Jülich,Kreis Düren,,D_ren,55.0,315381,5644047,"[{""nr"": 1, ""bezeichnung"": ""Teppichreinigung"", ""abwasserbeschaffenheit"": ""sonstiges Abwasser (verändertes Wasser)"", ""anhang"": ""55 Wäschereien"", ""max_d"": null, ""max_h"": null, ""max_a"": null}]",,,
22228,Thomas Josef Heimbach GmbH & Co. KG,"industrielle/gewerbliche Direkteinleitung
Indirekteinleitung","38 Textilherstellung, Textilveredlung
31 Wasseraufbereitung, Kühlsysteme, Dampferzeugung
49 Mineralölhaltiges Abwasser","5.11
5.2.2
10.23
1.2.3.1",0,Düren,BR Köln,"0918532
9996212",D_ren,38.0,320658,5632109,"[{""nr"": 1, ""bezeichnung"": ""NW->Versickerung"", ""abwasserbeschaffenheit"": ""Niederschlagswasser ohne Sonderbauwerk"", ""anhang"": """", ""max_d"": null, ""max_h"": null, ""max_a"": null}, {""nr"": 2, ""bezeichnung"": ""Abschlämmung Dampfkessel"", ""abwasserbeschaffenheit"": ""Produktionsabwasser"", ""anhang"": ""31 Wasseraufbereitung, Kühlsysteme, Dampferzeugung"", ""max_d"": null, ""max_h"": null, ""max_a"": ""3500""}, {""nr"": 3, ""bezeichnung"": ""Abscheider Waschplatz"", ""abwasserbeschaffenheit"": ""Produktionsabwasser"", ""anhang"": ""49 Mineralölhaltiges Abwasser"", ""max_d"": null, ""max_h"": null, ""max_a"": null}, {""nr"": 4, ""bezeichnung"": ""Abscheider Werkstatt+Waschhalle"", ""abwasserbeschaffenheit"": ""Produktionsabwasser"", ""anhang"": ""49 Mineralölhaltiges Abwasser"", ""max_d"": null, ""max_h"": null, ""max_a"": ""2""}, {""nr"": 5, ""bezeichnung"": ""Aufbereitung Rurwasser"", ""abwasserbeschaffenheit"": ""Produktionsabwasser"", ""anhang"": ""31 Wasseraufbereitung, Kühlsysteme, Dampferzeugung"", ""max_d"": null, ""max_h"": null, ""max_a"": ""9000""}, {""nr"": 6, ""bezeichnung"": ""Spannrahmen 304"", ""abwasserbeschaffenheit"": ""Produktionsabwasser"", ""anhang"": ""38 Textilherstellung, Textilveredlung"", ""max_d"": null, ""max_h"": null, ""max_a"": null}, {""nr"": 7, ""bezeichnung"": ""Aufbereitung Weichwasser"", ""abwasserbeschaffenheit"": ""Produktionsabwasser"", ""anhang"": ""31 Wasseraufbereitung, Kühlsysteme, Dampferzeugung"", ""max_d"": null, ""max_h"": null, ""max_a"": ""200""}, {""nr"": 8, ""bezeichnung"": ""Fixiermaschine K 118"", ""abwasserbeschaffenheit"": ""Produktionsabwasser"", ""anhang"": ""38 Textilherstellung, Textilveredlung"", ""max_d"": null, ""max_h"": null, ""max_a"": null}, {""nr"": 9, ""bezeichnung"": ""NW E1"", ""abwasserbeschaffenheit"": ""Niederschlagswasser ohne Sonderbauwerk"", ""anhang"": """", ""max_d"": null, ""max_h"": null, ""max_a"": null}, {""nr"": 10, ""bezeichnung"": ""NW E3"", ""abwasserbeschaffenheit"": ""Niederschlagswasser ohne Sonderbauwerk"", ""anhang"": """", ""max_d"": null, ""max_h"": null, ""max_a"": null}, {""nr"": 11, ""bezeichnung"": ""NW E2"", ""abwasserbeschaffenheit"": ""Niederschlagswasser ohne Sonderbauwerk"", ""anhang"": """", ""max_d"": null, ""max_h"": null, ""max_a"": null}, {""nr"": 12, ""bezeichnung"": ""Fixiermaschine K 117"", ""abwasserbeschaffenheit"": ""Produktionsabwasser"", ""anhang"": ""38 Textilherstellung, Textilveredlung"", ""max_d"": null, ""max_h"": null, ""max_a"": null}, {""nr"": 13, ""bezeichnung"": ""Waschmaschine 30"", ""abwasserbeschaffenheit"": ""Produktionsabwasser"", ""anhang"": ""38 Textilherstellung, Textilveredlung"", ""max_d"": null, ""max_h"": null, ""max_a"": null}, {""nr"": 14, ""bezeichnung"": ""KÜWA"", ""abwasserbeschaffenheit"": ""Kühlwasser"", ""anhang"": ""31 Wasseraufbereitung, Kühlsysteme, Dampferzeugung"", ""max_d"": null, ""max_h"": null, ""max_a"": ""400000""}]",,,3500; 2; 9000; 200; 400000
358587,Waschplatz f. Teppiche und Matten,Indirekteinleitung,55 Wäschereien,,,Düren,Kreis Düren,,D_ren,55.0,320867,5634736,"[{""nr"": 1, ""bezeichnung"": ""Waschplatz f. Teppiche"", ""abwasserbeschaffenheit"": ""sonstiges Abwasser (verändertes Wasser)"", ""anhang"": ""55 Wäschereien"", ""max_d"": null, ""max_h"": null, ""max_a"": null}]",,,
2222170,Arcus Edelstahl GmbH,Indirekteinleitung,"40 Metallbearbeitung, Metallverarbeitung",3.10.2,0,Weilerswist,BR Köln,0409908,Euskirchen,40.0,348547,5624567,"[{""nr"": 1, ""bezeichnung"": ""Beizerei"", ""abwasserbeschaffenheit"": ""Produktionsabwasser"", ""anhang"": ""40 Metallbearbeitung, Metallverarbeitung"", ""max_d"": ""14"", ""max_h"": null, ""max_a"": null}]",14,,
22223774,Deutsche Mechatronics GmbH,Indirekteinleitung,"40 Metallbearbeitung, Metallverarbeitung",,,Mechernich,Kreis Euskirchen,0883508,Euskirchen,40.0,333292,5606931,"[{""nr"": 1, ""bezeichnung"": ""Oberflächenbehandlung von Metallen"", ""abwasserbeschaffenheit"": ""Produktionsabwasser"", ""anhang"": ""40 Metallbearbeitung, Metallverarbeitung"", ""max_d"": null, ""max_h"": null, ""max_a"": null}]",,,
22232182,Moog e.K. - Wäscherei,Indirekteinleitung,55 Wäschereien,,,Schleiden,Kreis Euskirchen,,Euskirchen,55.0,324097,5604990,"[{""nr"": 1, ""bezeichnung"": ""Wäscherei"", ""abwasserbeschaffenheit"": ""Produktionsabwasser"", ""anhang"": ""55 Wäschereien"", ""max_d"": ""90"", ""max_h"": null, ""max_a"": ""23400""}]",90,,23400
22223752,Schöller Werk GmbH & Co.KG,Indirekteinleitung,"40 Metallbearbeitung, Metallverarbeitung",,,Hellenthal,Kreis Euskirchen,0481874,Euskirchen,40.0,319484,5596288,"[{""nr"": 1, ""bezeichnung"": ""Werkstatt, Gleitschleiferei"", ""abwasserbeschaffenheit"": ""Produktionsabwasser"", ""anhang"": ""40 Metallbearbeitung, Metallverarbeitung"", ""max_d"": ""2"", ""max_h"": null, ""max_a"": ""500""}]",2,,500
22229883,Chukyo Europe,Indirekteinleitung,"40 Metallbearbeitung, Metallverarbeitung",,,Hückelhoven,Kreis Heinsberg,,Heinsberg,40.0,308090,5656712,"[{""nr"": 1, ""bezeichnung"": ""Chukyo Europe"", ""abwasserbeschaffenheit"": ""Produktionsabwasser"", ""anhang"": ""40 Metallbearbeitung, Metallverarbeitung"", ""max_d"": null, ""max_h"": null, ""max_a"": null}]",,,
22230014,E & K Leiterplatten GmbH,Indirekteinleitung,"40 Metallbearbeitung, Metallverarbeitung",,,Heinsberg,Kreis Heinsberg,,Heinsberg,40.0,299733,5660279,"[{""nr"": 1, ""bezeichnung"": ""Leiterplattenherstellung"", ""abwasserbeschaffenheit"": ""Produktionsabwasser"", ""anhang"": ""40 Metallbearbeitung, Metallverarbeitung"", ""max_d"": null, ""max_h"": null, ""max_a"": null}]",,,
22229978,HAZET-Werk,Indirekteinleitung,"40 Metallbearbeitung, Metallverarbeitung",,,Heinsberg,Kreis Heinsberg,,Heinsberg,40.0,297597,5660790,"[{""nr"": 1, ""bezeichnung"": ""Galvanikbetrieb"", ""abwasserbeschaffenheit"": ""Produktionsabwasser"", ""anhang"": ""40 Metallbearbeitung, Metallverarbeitung"", ""max_d"": null, ""max_h"": null, ""max_a"": null}]",,,
22229843,Jansen Edelstahl GmbH,Indirekteinleitung,"40 Metallbearbeitung, Metallverarbeitung",,0,Wassenberg,Kreis Heinsberg,0349103,Heinsberg,40.0,299727,5665167,"[{""nr"": 1, ""bezeichnung"": ""Jansen Edelstahl GmbH"", ""abwasserbeschaffenheit"": ""Produktionsabwasser"", ""anhang"": ""40 Metallbearbeitung, Metallverarbeitung"", ""max_d"": null, ""max_h"": null, ""max_a"": null}]",,,
22229888,KSK Industrielackierung,Indirekteinleitung,"40 Metallbearbeitung, Metallverarbeitung",,,Geilenkirchen,Kreis Heinsberg,,Heinsberg,40.0,296516,5651962,"[{""nr"": 1, ""bezeichnung"": ""Lackiererei"", ""abwasserbeschaffenheit"": ""Produktionsabwasser"", ""anhang"": ""40 Metallbearbeitung, Metallverarbeitung"", ""max_d"": null, ""max_h"": null, ""max_a"": null}]",,,
22231403,LBBZ - NRW GmbH,Indirekteinleitung,"40 Metallbearbeitung, Metallverarbeitung",,,Geilenkirchen,Kreis Heinsberg,9018981,Heinsberg,40.0,296177,5651005,"[{""nr"": 1, ""bezeichnung"": ""LBBZ - NRW GmbH"", ""abwasserbeschaffenheit"": ""Produktionsabwasser"", ""anhang"": ""40 Metallbearbeitung, Metallverarbeitung"", ""max_d"": ""45"", ""max_h"": null, ""max_a"": ""14040""}]",45,,14040
22229929,Metallverarbeitung Schlafhorst-Saurer,Indirekteinleitung,"40 Metallbearbeitung, Metallverarbeitung",1.2.3.1,0,Übach-Palenberg,Kreis Heinsberg,0113051,Heinsberg,40.0,296850,5645608,"[{""nr"": 1, ""bezeichnung"": ""Metallverarbeitung Schlafhorst-Saurer"", ""abwasserbeschaffenheit"": ""Produktionsabwasser"", ""anhang"": ""40 Metallbearbeitung, Metallverarbeitung"", ""max_d"": null, ""max_h"": null, ""max_a"": null}]",,,
2222002,Niro Technik GmbH,Indirekteinleitung,"40 Metallbearbeitung, Metallverarbeitung",3.10.1,"0
2.6",Hückelhoven,BR Köln,0362589,Heinsberg,40.0,308309,5656819,"[{""nr"": 1, ""bezeichnung"": ""Metallverarbeitung"", ""abwasserbeschaffenheit"": ""Produktionsabwasser"", ""anhang"": ""40 Metallbearbeitung, Metallverarbeitung"", ""max_d"": null, ""max_h"": null, ""max_a"": null}]",,,
2221986,Over Eloxal GmbH / Over Beschichtung GmbH,"industrielle/gewerbliche Direkteinleitung
Indirekteinleitung","40 Metallbearbeitung, Metallverarbeitung
31 Wasseraufbereitung, Kühlsysteme, Dampferzeugung","10.20
3.10.1
9.1.1.2","0
2.6",Hückelhoven,BR Köln,"0296414
0137341",Heinsberg,40.0,305987,5654747,"[{""nr"": 1, ""bezeichnung"": ""Beschichtungsbetrieb"", ""abwasserbeschaffenheit"": ""Produktionsabwasser"", ""anhang"": ""40 Metallbearbeitung, Metallverarbeitung"", ""max_d"": null, ""max_h"": null, ""max_a"": null}, {""nr"": 2, ""bezeichnung"": ""Eloxalbetrieb"", ""abwasserbeschaffenheit"": ""Produktionsabwasser"", ""anhang"": ""40 Metallbearbeitung, Metallverarbeitung"", ""max_d"": null, ""max_h"": null, ""max_a"": null}, {""nr"": 3, ""bezeichnung"": ""Over Eloxal GmbH"", ""abwasserbeschaffenheit"": ""Kühlwasser"", ""anhang"": ""31 Wasseraufbereitung, Kühlsysteme, Dampferzeugung"", ""max_d"": null, ""max_h"": null, ""max_a"": null}]",,,
2224656,AUNDE Achter & Ebels GmbH,Indirekteinleitung,"38 Textilherstellung, Textilveredlung",10.23,0,Mönchengladbach,BR Düsseldorf,0017332,M_nchengladbach,38.0,319300,5674669,"[{""nr"": 1, ""bezeichnung"": ""Färberei"", ""abwasserbeschaffenheit"": ""Produktionsabwasser"", ""anhang"": ""38 Textilherstellung, Textilveredlung"", ""max_d"": null, ""max_h"": null, ""max_a"": null}]",,,
22230496,Bommes,Indirekteinleitung,"40 Metallbearbeitung, Metallverarbeitung",,,Mönchengladbach,Stadt Mönchengladbach,,M_nchengladbach,40.0,322942,5676698,"[{""nr"": 1, ""bezeichnung"": ""Eloxieranlage"", ""abwasserbeschaffenheit"": ""Produktionsabwasser"", ""anhang"": ""40 Metallbearbeitung, Metallverarbeitung"", ""max_d"": ""5"", ""max_h"": null, ""max_a"": null}]",5,,
22230493,FSP Frischsaft Produktionsges.,Indirekteinleitung,3 Herstellung von Nahrungsmitteln und Futtermitteln,7.34.2,6.4.b.ii,Mönchengladbach,Stadt Mönchengladbach,9020918,M_nchengladbach,3.0,324870,5670667,"[{""nr"": 1, ""bezeichnung"": ""Fruchtsaftherstellung"", ""abwasserbeschaffenheit"": ""Produktionsabwasser"", ""anhang"": ""3 Herstellung von Nahrungsmitteln und Futtermitteln"", ""max_d"": null, ""max_h"": null, ""max_a"": null}]",,,
22230460,Gesellschaft für Metallveredlung,Indirekteinleitung,"40 Metallbearbeitung, Metallverarbeitung",,0,Mönchengladbach,Stadt Mönchengladbach,0009811,M_nchengladbach,40.0,322327,5675750,"[{""nr"": 1, ""bezeichnung"": ""Galvanik"", ""abwasserbeschaffenheit"": ""Produktionsabwasser"", ""anhang"": ""40 Metallbearbeitung, Metallverarbeitung"", ""max_d"": null, ""max_h"": null, ""max_a"": null}]",,,
22230494,Hahn,Indirekteinleitung,"40 Metallbearbeitung, Metallverarbeitung",,,Mönchengladbach,Stadt Mönchengladbach,9003283,M_nchengladbach,40.0,318849,5668527,"[{""nr"": 1, ""bezeichnung"": ""Eloxal- Pulverbeschichtung"", ""abwasserbeschaffenheit"": ""Produktionsabwasser"", ""anhang"": ""40 Metallbearbeitung, Metallverarbeitung"", ""max_d"": ""1"", ""max_h"": null, ""max_a"": ""300""}, {""nr"": 2, ""bezeichnung"": ""Gleitschliffanlage"", ""abwasserbeschaffenheit"": ""Produktionsabwasser"", ""anhang"": ""40 Metallbearbeitung, Metallverarbeitung"", ""max_d"": null, ""max_h"": null, ""max_a"": null}]",1,,300
2224861,Heinz Gothe GmbH & Co. KG,Indirekteinleitung,"40 Metallbearbeitung, Metallverarbeitung",3.10.1,"0
2.6",Mönchengladbach,BR Düsseldorf,0828275,M_nchengladbach,40.0,322418,5671570,"[{""nr"": 1, ""bezeichnung"": ""Beizerei"", ""abwasserbeschaffenheit"": ""Produktionsabwasser"", ""anhang"": ""40 Metallbearbeitung, Metallverarbeitung"", ""max_d"": null, ""max_h"": null, ""max_a"": null}]",,,
22223723,Junkers  Müllers GmbH,Indirekteinleitung,"38 Textilherstellung, Textilveredlung",10.23,0,Mönchengladbach,BR Düsseldorf,0225349,M_nchengladbach,38.0,320169,5671299,"[{""nr"": 1, ""bezeichnung"": ""Druckerei, Waschmaschine, Pastenküche"", ""abwasserbeschaffenheit"": ""Produktionsabwasser"", ""anhang"": ""38 Textilherstellung, Textilveredlung"", ""max_d"": null, ""max_h"": null, ""max_a"": null}, {""nr"": 2, ""bezeichnung"": ""Überlauf Thermex, Färbereilabor"", ""abwasserbeschaffenheit"": ""Produktionsabwasser"", ""anhang"": ""38 Textilherstellung, Textilveredlung"", ""max_d"": null, ""max_h"": null, ""max_a"": null}, {""nr"": 3, ""bezeichnung"": ""Textile Ausrüstung, Pastenküche"", ""abwasserbeschaffenheit"": ""Produktionsabwasser"", ""anhang"": ""38 Textilherstellung, Textilveredlung"", ""max_d"": null, ""max_h"": null, ""max_a"": null}, {""nr"": 4, ""bezeichnung"": ""Färberei"", ""abwasserbeschaffenheit"": ""Produktionsabwasser"", ""anhang"": ""38 Textilherstellung, Textilveredlung"", ""max_d"": null, ""max_h"": null, ""max_a"": null}]",,,
22230318,Klip-Comet,Indirekteinleitung,"40 Metallbearbeitung, Metallverarbeitung",,,Mönchengladbach,Stadt Mönchengladbach,,M_nchengladbach,40.0,319094,5668523,"[{""nr"": 1, ""bezeichnung"": ""Gleitschliffanlage"", ""abwasserbeschaffenheit"": ""Produktionsabwasser"", ""anhang"": ""40 Metallbearbeitung, Metallverarbeitung"", ""max_d"": null, ""max_h"": null, ""max_a"": null}]",,,
22230291,Lindström GmbH,Indirekteinleitung,55 Wäschereien,,,Mönchengladbach,Stadt Mönchengladbach,,M_nchengladbach,55.0,324385,5677519,"[{""nr"": 1, ""bezeichnung"": ""Wäscherei"", ""abwasserbeschaffenheit"": ""Produktionsabwasser"", ""anhang"": ""55 Wäschereien"", ""max_d"": ""4"", ""max_h"": null, ""max_a"": ""880""}]",4,,880
22230299,Lorenz & Lihn Obst-Edel-Erzeugnisse,Indirekteinleitung,3 Herstellung von Nahrungsmitteln und Futtermitteln,,,Mönchengladbach,Stadt Mönchengladbach,,M_nchengladbach,3.0,322655,5676700,"[{""nr"": 1, ""bezeichnung"": ""Produktion"", ""abwasserbeschaffenheit"": ""Produktionsabwasser"", ""anhang"": ""3 Herstellung von Nahrungsmitteln und Futtermitteln"", ""max_d"": null, ""max_h"": null, ""max_a"": null}]",,,
22230499,Niederrheinische Getränke Industrie,Indirekteinleitung,3 Herstellung von Nahrungsmitteln und Futtermitteln,,,Mönchengladbach,Stadt Mönchengladbach,,M_nchengladbach,3.0,320456,5666474,"[{""nr"": 1, ""bezeichnung"": ""Getränkeproduktion"", ""abwasserbeschaffenheit"": ""Produktionsabwasser"", ""anhang"": ""3 Herstellung von Nahrungsmitteln und Futtermitteln"", ""max_d"": ""140"", ""max_h"": null, ""max_a"": null}]",140,,
22230312,QMP Metal Powders GmbH,Indirekteinleitung,"40 Metallbearbeitung, Metallverarbeitung",3.23,0,Mönchengladbach,Stadt Mönchengladbach,9002577,M_nchengladbach,40.0,320293,5673439,"[{""nr"": 1, ""bezeichnung"": ""Laborabwässer"", ""abwasserbeschaffenheit"": ""Produktionsabwasser"", ""anhang"": ""40 Metallbearbeitung, Metallverarbeitung"", ""max_d"": null, ""max_h"": null, ""max_a"": null}]",,,
22230287,Reimann u. Carl,Indirekteinleitung,"40 Metallbearbeitung, Metallverarbeitung",,,Mönchengladbach,Stadt Mönchengladbach,,M_nchengladbach,40.0,321441,5669453,"[{""nr"": 1, ""bezeichnung"": ""Betrieb"", ""abwasserbeschaffenheit"": ""Produktionsabwasser"", ""anhang"": ""40 Metallbearbeitung, Metallverarbeitung"", ""max_d"": null, ""max_h"": null, ""max_a"": null}]",,,
22230489,Reiners & Fürst,Indirekteinleitung,"40 Metallbearbeitung, Metallverarbeitung",,,Mönchengladbach,Stadt Mönchengladbach,,M_nchengladbach,40.0,320060,5673926,"[{""nr"": 1, ""bezeichnung"": ""Produktion Gleitschliffwasser"", ""abwasserbeschaffenheit"": ""Produktionsabwasser"", ""anhang"": ""40 Metallbearbeitung, Metallverarbeitung"", ""max_d"": ""10"", ""max_h"": null, ""max_a"": null}]",10,,
22230319,Rheinische Formblech,Indirekteinleitung,"40 Metallbearbeitung, Metallverarbeitung",,,Mönchengladbach,Stadt Mönchengladbach,9021377,M_nchengladbach,40.0,319849,5673845,"[{""nr"": 1, ""bezeichnung"": ""Pulverbeschichtung Entfettung"", ""abwasserbeschaffenheit"": ""Produktionsabwasser"", ""anhang"": ""40 Metallbearbeitung, Metallverarbeitung"", ""max_d"": null, ""max_h"": null, ""max_a"": null}, {""nr"": 2, ""bezeichnung"": ""Entfettung"", ""abwasserbeschaffenheit"": ""Produktionsabwasser"", ""anhang"": ""40 Metallbearbeitung, Metallverarbeitung"", ""max_d"": null, ""max_h"": null, ""max_a"": null}, {""nr"": 3, ""bezeichnung"": ""Nass-Lackieranlage Entfettung"", ""abwasserbeschaffenheit"": ""Produktionsabwasser"", ""anhang"": ""40 Metallbearbeitung, Metallverarbeitung"", ""max_d"": null, ""max_h"": null, ""max_a"": null}]",,,
2224727,Rhenus Lub GmbH & Co. KG,Indirekteinleitung,"40 Metallbearbeitung, Metallverarbeitung
31 Wasseraufbereitung, Kühlsysteme, Dampferzeugung",4.5,4.1,Mönchengladbach,BR Düsseldorf,0466543,M_nchengladbach,40.0,314863,5669598,"[{""nr"": 1, ""bezeichnung"": ""Dampfkessel"", ""abwasserbeschaffenheit"": ""sonstiges Abwasser (verändertes Wasser)"", ""anhang"": ""31 Wasseraufbereitung, Kühlsysteme, Dampferzeugung"", ""max_d"": null, ""max_h"": null, ""max_a"": null}, {""nr"": 2, ""bezeichnung"": ""Sandfilter"", ""abwasserbeschaffenheit"": ""Kühlwasser"", ""anhang"": ""31 Wasseraufbereitung, Kühlsysteme, Dampferzeugung"", ""max_d"": null, ""max_h"": null, ""max_a"": null}, {""nr"": 3, ""bezeichnung"": ""Kühlturm"", ""abwasserbeschaffenheit"": ""Kühlwasser"", ""anhang"": ""31 Wasseraufbereitung, Kühlsysteme, Dampferzeugung"", ""max_d"": null, ""max_h"": null, ""max_a"": null}, {""nr"": 4, ""bezeichnung"": ""Labor"", ""abwasserbeschaffenheit"": ""Produktionsabwasser"", ""anhang"": ""40 Metallbearbeitung, Metallverarbeitung"", ""max_d"": ""0,5"", ""max_h"": null, ""max_a"": null}, {""nr"": 5, ""bezeichnung"": ""Produktion (Reinigung)"", ""abwasserbeschaffenheit"": ""Produktionsabwasser"", ""anhang"": ""40 Metallbearbeitung, Metallverarbeitung"", ""max_d"": ""0,5"", ""max_h"": null, ""max_a"": null}]","0,5; 0,5",,
22230314,Troost,Indirekteinleitung,55 Wäschereien,,,Mönchengladbach,Stadt Mönchengladbach,,M_nchengladbach,55.0,321368,5666533,"[{""nr"": 1, ""bezeichnung"": ""Wäscherei"", ""abwasserbeschaffenheit"": ""Produktionsabwasser"", ""anhang"": ""55 Wäschereien"", ""max_d"": null, ""max_h"": null, ""max_a"": null}]",,,
22230316,Trützschler,Indirekteinleitung,"40 Metallbearbeitung, Metallverarbeitung",,,Mönchengladbach,Stadt Mönchengladbach,,M_nchengladbach,40.0,321591,5668502,"[{""nr"": 1, ""bezeichnung"": ""Werk 2 Teilereinigung"", ""abwasserbeschaffenheit"": ""Produktionsabwasser"", ""anhang"": ""40 Metallbearbeitung, Metallverarbeitung"", ""max_d"": null, ""max_h"": null, ""max_a"": null}]",,,
22230491,TSB - Tiefdruck - Schwann-Bagel,Indirekteinleitung,"40 Metallbearbeitung, Metallverarbeitung
53 Fotografische Prozesse (Silberhalogenid-Fotografie)",5.1.1.1,6.7,Mönchengladbach,Stadt Mönchengladbach,0330579,M_nchengladbach,40.0,323889,5678540,"[{""nr"": 1, ""bezeichnung"": ""fotografischen Prozessen"", ""abwasserbeschaffenheit"": ""Produktionsabwasser"", ""anhang"": ""53 Fotografische Prozesse (Silberhalogenid-Fotografie)"", ""max_d"": null, ""max_h"": null, ""max_a"": null}, {""nr"": 2, ""bezeichnung"": ""Galvanik"", ""abwasserbeschaffenheit"": ""Produktionsabwasser"", ""anhang"": ""40 Metallbearbeitung, Metallverarbeitung"", ""max_d"": null, ""max_h"": null, ""max_a"": null}]",,,
2227806,Tuchfabrik Willy Schmitz GmbH & Co.KG,Indirekteinleitung,"38 Textilherstellung, Textilveredlung",10.23,0,Mönchengladbach,BR Düsseldorf,0025446,M_nchengladbach,38.0,321502,5676193,"[{""nr"": 1, ""bezeichnung"": ""Produktionsabwasser"", ""abwasserbeschaffenheit"": ""Produktionsabwasser"", ""anhang"": ""38 Textilherstellung, Textilveredlung"", ""max_d"": ""1.300"", ""max_h"": null, ""max_a"": ""299000""}]",1.300,,299000
22230320,Ungricht,Indirekteinleitung,"40 Metallbearbeitung, Metallverarbeitung",,,Mönchengladbach,Stadt Mönchengladbach,,M_nchengladbach,40.0,319184,5674211,"[{""nr"": 1, ""bezeichnung"": ""Produktion"", ""abwasserbeschaffenheit"": ""Produktionsabwasser"", ""anhang"": ""40 Metallbearbeitung, Metallverarbeitung"", ""max_d"": null, ""max_h"": null, ""max_a"": null}]",,,
22223667,UNGRICHT GMBH + CO KG,Indirekteinleitung,"40 Metallbearbeitung, Metallverarbeitung","9.3.2
3.10.1
3.10.2","0
2.6",Mönchengladbach,BR Düsseldorf,9999086,M_nchengladbach,40.0,319183,5674326,"[{""nr"": 1, ""bezeichnung"": ""Abwasser"", ""abwasserbeschaffenheit"": ""Produktionsabwasser"", ""anhang"": ""40 Metallbearbeitung, Metallverarbeitung"", ""max_d"": ""25"", ""max_h"": null, ""max_a"": ""7500""}]",25,,7500
2222082,Aalberts Surface Treatment GmbH,Indirekteinleitung,"40 Metallbearbeitung, Metallverarbeitung","3.10.1
9.3.2.30","0
2.6",Kerpen,BR Köln,0302077,Rhein_Erft_Kreis,40.0,336754,5639117,"[{""nr"": 1, ""bezeichnung"": ""Oberflächenbehandlung Metall"", ""abwasserbeschaffenheit"": ""Produktionsabwasser"", ""anhang"": ""40 Metallbearbeitung, Metallverarbeitung"", ""max_d"": null, ""max_h"": null, ""max_a"": ""14000""}]",,,14000
362641,Anlage 1.1: Betankung+NFZ-Waschhalle,Indirekteinleitung,"40 Metallbearbeitung, Metallverarbeitung
49 Mineralölhaltiges Abwasser",,0,Frechen,Rhein-Erft-Kreis,0399381,Rhein_Erft_Kreis,40.0,346805,5643085,"[{""nr"": 1, ""bezeichnung"": ""Anlage 5: Kondensat"", ""abwasserbeschaffenheit"": ""sonstiges Abwasser (verändertes Wasser)"", ""anhang"": ""49 Mineralölhaltiges Abwasser"", ""max_d"": null, ""max_h"": null, ""max_a"": null}, {""nr"": 2, ""bezeichnung"": ""Anlage 4: Reststoffsammelst."", ""abwasserbeschaffenheit"": ""sonstiges Abwasser (verändertes Wasser)"", ""anhang"": ""49 Mineralölhaltiges Abwasser"", ""max_d"": null, ""max_h"": null, ""max_a"": null}, {""nr"": 3, ""bezeichnung"": ""Anlage 3: KFZ-Annahmestelle"", ""abwasserbeschaffenheit"": ""sonstiges Abwasser (verändertes Wasser)"", ""anhang"": ""49 Mineralölhaltiges Abwasser"", ""max_d"": null, ""max_h"": null, ""max_a"": null}, {""nr"": 4, ""bezeichnung"": ""Anlage 1.2 Sprühraum"", ""abwasserbeschaffenheit"": ""sonstiges Abwasser (verändertes Wasser)"", ""anhang"": ""49 Mineralölhaltiges Abwasser"", ""max_d"": null, ""max_h"": null, ""max_a"": null}, {""nr"": 5, ""bezeichnung"": ""Anlage 2: Werkstatt"", ""abwasserbeschaffenheit"": ""sonstiges Abwasser (verändertes Wasser)"", ""anhang"": ""49 Mineralölhaltiges Abwasser"", ""max_d"": null, ""max_h"": null, ""max_a"": null}, {""nr"": 6, ""bezeichnung"": ""Anlage 6: Lackierb."", ""abwasserbeschaffenheit"": ""Produktionsabwasser"", ""anhang"": ""40 Metallbearbeitung, Metallverarbeitung"", ""max_d"": null, ""max_h"": null, ""max_a"": null}, {""nr"": 7, ""bezeichnung"": ""Anlage 1.1: Waschhalle"", ""abwasserbeschaffenheit"": ""sonstiges Abwasser (verändertes Wasser)"", ""anhang"": ""49 Mineralölhaltiges Abwasser"", ""max_d"": null, ""max_h"": null, ""max_a"": null}]",,,
2222320,DOM Sicherheitstechnik GmbH,Indirekteinleitung,"40 Metallbearbeitung, Metallverarbeitung","3.4.2
3.8.2",0,Brühl,BR Köln,0194422,Rhein_Erft_Kreis,40.0,353942,5633178,"[{""nr"": 1, ""bezeichnung"": ""Metallverarbeitung"", ""abwasserbeschaffenheit"": ""Produktionsabwasser"", ""anhang"": ""40 Metallbearbeitung, Metallverarbeitung"", ""max_d"": null, ""max_h"": null, ""max_a"": ""4200""}]",,,4200
362846,Elektromotorenreinigung,Indirekteinleitung,"40 Metallbearbeitung, Metallverarbeitung",,,Brühl,Rhein-Erft-Kreis,,Rhein_Erft_Kreis,40.0,353784,5633945,"[{""nr"": 1, ""bezeichnung"": ""Elektromotorreinigung"", ""abwasserbeschaffenheit"": ""sonstiges Abwasser (verändertes Wasser)"", ""anhang"": ""40 Metallbearbeitung, Metallverarbeitung"", ""max_d"": null, ""max_h"": null, ""max_a"": null}]",,,
362403,Emaillierung,Indirekteinleitung,"40 Metallbearbeitung, Metallverarbeitung
31 Wasseraufbereitung, Kühlsysteme, Dampferzeugung
49 Mineralölhaltiges Abwasser",,,Bergheim,Rhein-Erft-Kreis,,Rhein_Erft_Kreis,40.0,332676,5646655,"[{""nr"": 1, ""bezeichnung"": ""Kfz- Wäsche"", ""abwasserbeschaffenheit"": ""sonstiges Abwasser (verändertes Wasser)"", ""anhang"": ""49 Mineralölhaltiges Abwasser"", ""max_d"": null, ""max_h"": null, ""max_a"": null}, {""nr"": 2, ""bezeichnung"": ""Emaillierung"", ""abwasserbeschaffenheit"": ""sonstiges Abwasser (verändertes Wasser)"", ""anhang"": ""40 Metallbearbeitung, Metallverarbeitung"", ""max_d"": null, ""max_h"": null, ""max_a"": null}, {""nr"": 3, ""bezeichnung"": ""Wasseraufbereitung"", ""abwasserbeschaffenheit"": ""sonstiges Abwasser (verändertes Wasser)"", ""anhang"": ""31 Wasseraufbereitung, Kühlsysteme, Dampferzeugung"", ""max_d"": null, ""max_h"": null, ""max_a"": null}, {""nr"": 4, ""bezeichnung"": ""Lackierung"", ""abwasserbeschaffenheit"": ""sonstiges Abwasser (verändertes Wasser)"", ""anhang"": ""40 Metallbearbeitung, Metallverarbeitung"", ""max_d"": null, ""max_h"": null, ""max_a"": null}]",,,
36256,Emaillierwerk,Indirekteinleitung,"40 Metallbearbeitung, Metallverarbeitung",,,Bergheim,Rhein-Erft-Kreis,,Rhein_Erft_Kreis,40.0,331549,5648984,"[{""nr"": 1, ""bezeichnung"": ""Produktionsabwasser"", ""abwasserbeschaffenheit"": ""sonstiges Abwasser (verändertes Wasser)"", ""anhang"": ""40 Metallbearbeitung, Metallverarbeitung"", ""max_d"": null, ""max_h"": null, ""max_a"": null}]",,,
362103,Fällungsanlage,Indirekteinleitung,"40 Metallbearbeitung, Metallverarbeitung",,,Kerpen,Rhein-Erft-Kreis,,Rhein_Erft_Kreis,40.0,336604,5640974,"[{""nr"": 1, ""bezeichnung"": ""Beiz- und Werkstattabwasser"", ""abwasserbeschaffenheit"": ""sonstiges Abwasser (verändertes Wasser)"", ""anhang"": ""40 Metallbearbeitung, Metallverarbeitung"", ""max_d"": null, ""max_h"": null, ""max_a"": null}]",,,
362597,Galvanik,Indirekteinleitung,"40 Metallbearbeitung, Metallverarbeitung",,,Brühl,Rhein-Erft-Kreis,,Rhein_Erft_Kreis,40.0,354034,5633190,"[{""nr"": 1, ""bezeichnung"": ""Galvanik"", ""abwasserbeschaffenheit"": ""sonstiges Abwasser (verändertes Wasser)"", ""anhang"": ""40 Metallbearbeitung, Metallverarbeitung"", ""max_d"": null, ""max_h"": null, ""max_a"": null}]",,,
362634,Indutec Umwelttechnik,,"40 Metallbearbeitung, Metallverarbeitung",,,Kerpen,Rhein-Erft-Kreis,,Rhein_Erft_Kreis,40.0,336216,5639222,"[{""nr"": 1, ""bezeichnung"": ""Niederschlagswasser"", ""abwasserbeschaffenheit"": ""sonstiges Abwasser (verändertes Wasser)"", ""anhang"": ""40 Metallbearbeitung, Metallverarbeitung"", ""max_d"": null, ""max_h"": null, ""max_a"": null}, {""nr"": 2, ""bezeichnung"": ""Wäschen"", ""abwasserbeschaffenheit"": ""sonstiges Abwasser (verändertes Wasser)"", ""anhang"": ""40 Metallbearbeitung, Metallverarbeitung"", ""max_d"": null, ""max_h"": null, ""max_a"": null}]",,,
2222400,PARKMO Metalle & Edelmetalle GmbH,Indirekteinleitung,"40 Metallbearbeitung, Metallverarbeitung",8.11.2.2,0,Hürth,BR Köln,9047297,Rhein_Erft_Kreis,40.0,348897,5636175,"[{""nr"": 1, ""bezeichnung"": ""Lagerplatz \""Abfall\"""", ""abwasserbeschaffenheit"": ""Produktionsabwasser"", ""anhang"": ""40 Metallbearbeitung, Metallverarbeitung"", ""max_d"": null, ""max_h"": null, ""max_a"": null}, {""nr"": 2, ""bezeichnung"": ""Lagerplatz \""Schrotte\"""", ""abwasserbeschaffenheit"": ""Produktionsabwasser"", ""anhang"": ""40 Metallbearbeitung, Metallverarbeitung"", ""max_d"": null, ""max_h"": null, ""max_a"": ""1974""}]",,,1974
36234,Reinigung Hydraulikaggregate,Indirekteinleitung,"40 Metallbearbeitung, Metallverarbeitung",,,Kerpen,Rhein-Erft-Kreis,,Rhein_Erft_Kreis,40.0,336331,5639158,"[{""nr"": 1, ""bezeichnung"": ""Metallbau"", ""abwasserbeschaffenheit"": ""sonstiges Abwasser (verändertes Wasser)"", ""anhang"": ""40 Metallbearbeitung, Metallverarbeitung"", ""max_d"": null, ""max_h"": null, ""max_a"": null}]",,,
2227609,RWE Power AG - Technikzentrum Tagebaue - Hauptwerkstatt,Indirekteinleitung,"40 Metallbearbeitung, Metallverarbeitung
49 Mineralölhaltiges Abwasser",,,Frechen,BR Arnsberg-Abt.6 (LOBA),9971686,Rhein_Erft_Kreis,40.0,341855,5641837,"[{""nr"": 1, ""bezeichnung"": ""3 Waschplatz Feuerwehr"", ""abwasserbeschaffenheit"": ""Produktionsabwasser"", ""anhang"": ""49 Mineralölhaltiges Abwasser"", ""max_d"": null, ""max_h"": null, ""max_a"": ""2200""}, {""nr"": 2, ""bezeichnung"": ""6 Diesellok Abspritzplatz"", ""abwasserbeschaffenheit"": ""Produktionsabwasser"", ""anhang"": ""49 Mineralölhaltiges Abwasser"", ""max_d"": null, ""max_h"": ""36"", ""max_a"": null}, {""nr"": 3, ""bezeichnung"": ""7 E-Lok Abspritzplatz"", ""abwasserbeschaffenheit"": ""Produktionsabwasser"", ""anhang"": ""49 Mineralölhaltiges Abwasser"", ""max_d"": null, ""max_h"": ""36"", ""max_a"": null}, {""nr"": 4, ""bezeichnung"": ""1 Wagenwaschplatz"", ""abwasserbeschaffenheit"": ""Produktionsabwasser"", ""anhang"": ""49 Mineralölhaltiges Abwasser"", ""max_d"": null, ""max_h"": null, ""max_a"": ""3800""}, {""nr"": 5, ""bezeichnung"": ""4 Schrottplatzlagerstätte"", ""abwasserbeschaffenheit"": ""Produktionsabwasser"", ""anhang"": ""40 Metallbearbeitung, Metallverarbeitung"", ""max_d"": null, ""max_h"": null, ""max_a"": ""662""}, {""nr"": 6, ""bezeichnung"": ""5 Elektromotorenwäsche"", ""abwasserbeschaffenheit"": ""Produktionsabwasser"", ""anhang"": ""40 Metallbearbeitung, Metallverarbeitung"", ""max_d"": ""4"", ""max_h"": null, ""max_a"": ""1251""}, {""nr"": 7, ""bezeichnung"": ""2 Batteriewaschhalle"", ""abwasserbeschaffenheit"": ""Produktionsabwasser"", ""anhang"": ""49 Mineralölhaltiges Abwasser"", ""max_d"": null, ""max_h"": null, ""max_a"": ""712""}]",4,36; 36,2200; 3800; 662; 1251; 712
362839,Technikzentrum Tagebau,Indirekteinleitung,"40 Metallbearbeitung, Metallverarbeitung
49 Mineralölhaltiges Abwasser",,,Frechen,Rhein-Erft-Kreis,,Rhein_Erft_Kreis,40.0,341974,5642022,"[{""nr"": 1, ""bezeichnung"": ""Entwässerung Halle 7"", ""abwasserbeschaffenheit"": ""sonstiges Abwasser (verändertes Wasser)"", ""anhang"": ""40 Metallbearbeitung, Metallverarbeitung"", ""max_d"": null, ""max_h"": null, ""max_a"": null}, {""nr"": 2, ""bezeichnung"": ""Maschinenteile"", ""abwasserbeschaffenheit"": ""sonstiges Abwasser (verändertes Wasser)"", ""anhang"": ""40 Metallbearbeitung, Metallverarbeitung"", ""max_d"": null, ""max_h"": null, ""max_a"": null}, {""nr"": 3, ""bezeichnung"": ""Schrottboxen"", ""abwasserbeschaffenheit"": ""sonstiges Abwasser (verändertes Wasser)"", ""anhang"": ""40 Metallbearbeitung, Metallverarbeitung"", ""max_d"": null, ""max_h"": null, ""max_a"": null}, {""nr"": 4, ""bezeichnung"": ""Entwässerung Halle 10"", ""abwasserbeschaffenheit"": ""sonstiges Abwasser (verändertes Wasser)"", ""anhang"": ""40 Metallbearbeitung, Metallverarbeitung"", ""max_d"": null, ""max_h"": null, ""max_a"": null}, {""nr"": 5, ""bezeichnung"": ""Batteriewaschhalle"", ""abwasserbeschaffenheit"": ""sonstiges Abwasser (verändertes Wasser)"", ""anhang"": ""40 Metallbearbeitung, Metallverarbeitung"", ""max_d"": null, ""max_h"": null, ""max_a"": null}, {""nr"": 6, ""bezeichnung"": ""Wagenwaschplatz"", ""abwasserbeschaffenheit"": ""sonstiges Abwasser (verändertes Wasser)"", ""anhang"": ""49 Mineralölhaltiges Abwasser"", ""max_d"": null, ""max_h"": null, ""max_a"": null}, {""nr"": 7, ""bezeichnung"": ""SA Feuerwehr"", ""abwasserbeschaffenheit"": ""sonstiges Abwasser (verändertes Wasser)"", ""anhang"": ""49 Mineralölhaltiges Abwasser"", ""max_d"": null, ""max_h"": null, ""max_a"": null}]",,,
362676,Textilpflege,Indirekteinleitung,55 Wäschereien,,,Bedburg,Rhein-Erft-Kreis,,Rhein_Erft_Kreis,55.0,329747,5651809,"[{""nr"": 1, ""bezeichnung"": ""Chemische Reinigung"", ""abwasserbeschaffenheit"": ""sonstiges Abwasser (verändertes Wasser)"", ""anhang"": ""55 Wäschereien"", ""max_d"": null, ""max_h"": null, ""max_a"": null}]",,,
36264,Textilreinigung,Indirekteinleitung,55 Wäschereien,,,Elsdorf,Rhein-Erft-Kreis,,Rhein_Erft_Kreis,55.0,329192,5645498,"[{""nr"": 1, ""bezeichnung"": ""Textilreinigung"", ""abwasserbeschaffenheit"": ""sonstiges Abwasser (verändertes Wasser)"", ""anhang"": ""55 Wäschereien"", ""max_d"": null, ""max_h"": null, ""max_a"": null}]",,,
362504,Wäscherei,Indirekteinleitung,55 Wäschereien,,,Kerpen,Rhein-Erft-Kreis,,Rhein_Erft_Kreis,55.0,340064,5643032,"[{""nr"": 1, ""bezeichnung"": ""Wäschereiabwasser"", ""abwasserbeschaffenheit"": ""sonstiges Abwasser (verändertes Wasser)"", ""anhang"": ""55 Wäschereien"", ""max_d"": null, ""max_h"": null, ""max_a"": null}]",,,
2227027,ALU Oberfläche GmbH,Indirekteinleitung,"40 Metallbearbeitung, Metallverarbeitung",3.10.1,2.6,Korschenbroich,BR Düsseldorf,0088132,Rhein_Kreis_Neuss,40.0,326016,5674421,"[{""nr"": 1, ""bezeichnung"": ""Anodisieranlage"", ""abwasserbeschaffenheit"": ""Produktionsabwasser"", ""anhang"": ""40 Metallbearbeitung, Metallverarbeitung"", ""max_d"": null, ""max_h"": null, ""max_a"": ""22500""}]",,,22500
22222513,Dohmen GmbH,Indirekteinleitung,"38 Textilherstellung, Textilveredlung",,,Korschenbroich,Rhein-Kreis Neuss,,Rhein_Kreis_Neuss,38.0,325883,5674342,"[{""nr"": 1, ""bezeichnung"": ""IEANF Service-Labor Dohmen Gmb"", ""abwasserbeschaffenheit"": ""Produktionsabwasser"", ""anhang"": ""38 Textilherstellung, Textilveredlung"", ""max_d"": null, ""max_h"": null, ""max_a"": ""2520""}]",,,2520
222819,essity Operations Neuss GmbH,industrielle/gewerbliche Direkteinleitung,"28 Herstellung von Papier, Karton oder Pappe","6.2.1
1.2.3.1","0
6.1.b",Neuss,BR Düsseldorf,0034552,Rhein_Kreis_Neuss,28.0,340448,5675397,"[{""nr"": 1, ""bezeichnung"": ""Niederschlagswasser unbelastet"", ""abwasserbeschaffenheit"": ""Niederschlagswasser ohne Sonderbauwerk"", ""anhang"": """", ""max_d"": null, ""max_h"": null, ""max_a"": null}, {""nr"": 2, ""bezeichnung"": ""schwach belastetes Niederschlagswasser"", ""abwasserbeschaffenheit"": ""Niederschlagswasser ohne Sonderbauwerk"", ""anhang"": """", ""max_d"": null, ""max_h"": null, ""max_a"": null}, {""nr"": 3, ""bezeichnung"": ""Papiermaschinen PM 1/2"", ""abwasserbeschaffenheit"": ""Produktionsabwasser"", ""anhang"": ""28 Herstellung von Papier, Karton oder Pappe"", ""max_d"": null, ""max_h"": null, ""max_a"": null}]",,,
22222213,Eternit AG,Indirekteinleitung,"40 Metallbearbeitung, Metallverarbeitung",,,Neuss,Rhein-Kreis Neuss,,Rhein_Kreis_Neuss,40.0,339867,5672970,"[{""nr"": 1, ""bezeichnung"": ""IEANF Gleitschleiferei Eternit"", ""abwasserbeschaffenheit"": ""Produktionsabwasser"", ""anhang"": ""40 Metallbearbeitung, Metallverarbeitung"", ""max_d"": null, ""max_h"": null, ""max_a"": ""73""}]",,,73
22222613,Hager & Meisinger GmbH,Indirekteinleitung,"40 Metallbearbeitung, Metallverarbeitung",,,Neuss,Rhein-Kreis Neuss,,Rhein_Kreis_Neuss,40.0,344158,5669982,"[{""nr"": 1, ""bezeichnung"": ""IEANF Gleitschleifen/Polieren/"", ""abwasserbeschaffenheit"": ""Produktionsabwasser"", ""anhang"": ""40 Metallbearbeitung, Metallverarbeitung"", ""max_d"": null, ""max_h"": null, ""max_a"": ""477""}]",,,477
222808,Intersnack Knabber-Gebäck,industrielle/gewerbliche Direkteinleitung,3 Herstellung von Nahrungsmitteln und Futtermitteln,,0,Grevenbroich,Rhein-Kreis Neuss,0261387,Rhein_Kreis_Neuss,3.0,332190,5662918,"[{""nr"": 1, ""bezeichnung"": ""belastetes Niederschlagswasser"", ""abwasserbeschaffenheit"": ""Niederschlagswasser mit Sonderbauwerk"", ""anhang"": """", ""max_d"": null, ""max_h"": ""144"", ""max_a"": null}, {""nr"": 2, ""bezeichnung"": ""Produktionsabwasser Intersnack"", ""abwasserbeschaffenheit"": ""Produktionsabwasser"", ""anhang"": ""3 Herstellung von Nahrungsmitteln und Futtermitteln"", ""max_d"": null, ""max_h"": null, ""max_a"": null}, {""nr"": 3, ""bezeichnung"": ""Produktionsabwasser Pfeiffer & Langen"", ""abwasserbeschaffenheit"": ""Produktionsabwasser"", ""anhang"": ""3 Herstellung von Nahrungsmitteln und Futtermitteln"", ""max_d"": null, ""max_h"": null, ""max_a"": null}, {""nr"": 4, ""bezeichnung"": ""Niederschlagswasser belastet"", ""abwasserbeschaffenheit"": ""Niederschlagswasser ohne Sonderbauwerk"", ""anhang"": """", ""max_d"": null, ""max_h"": null, ""max_a"": null}, {""nr"": 5, ""bezeichnung"": ""Niederschlageswasser unbelastet"", ""abwasserbeschaffenheit"": ""Niederschlagswasser ohne Sonderbauwerk"", ""anhang"": """", ""max_d"": null, ""max_h"": ""260,5"", ""max_a"": null}, {""nr"": 6, ""bezeichnung"": ""belastetes Niederschlagswasser"", ""abwasserbeschaffenheit"": ""Niederschlagswasser mit Sonderbauwerk"", ""anhang"": """", ""max_d"": null, ""max_h"": ""252"", ""max_a"": null}]",,"144; 260,5; 252",
22222768,Khan,Indirekteinleitung,55 Wäschereien,,,Neuss,Rhein-Kreis Neuss,,Rhein_Kreis_Neuss,55.0,342665,5671123,"[{""nr"": 1, ""bezeichnung"": ""Tipu Orientteppiche"", ""abwasserbeschaffenheit"": ""Produktionsabwasser"", ""anhang"": ""55 Wäschereien"", ""max_d"": ""1"", ""max_h"": null, ""max_a"": ""220""}]",1,,220
22222452,KHT Fahrzeugteile GmbH & Co KG,Indirekteinleitung,"40 Metallbearbeitung, Metallverarbeitung",,,Grevenbroich,Rhein-Kreis Neuss,,Rhein_Kreis_Neuss,40.0,333618,5666275,"[{""nr"": 1, ""bezeichnung"": ""IEANF Phosphatierung / KHT Fa"", ""abwasserbeschaffenheit"": ""Produktionsabwasser"", ""anhang"": ""40 Metallbearbeitung, Metallverarbeitung"", ""max_d"": null, ""max_h"": null, ""max_a"": null}, {""nr"": 2, ""bezeichnung"": ""IEANF Härterei / KHT Fahrzeug"", ""abwasserbeschaffenheit"": ""Produktionsabwasser"", ""anhang"": ""40 Metallbearbeitung, Metallverarbeitung"", ""max_d"": null, ""max_h"": null, ""max_a"": ""1400""}]",,,1400
22222494,NGT Neusser Galvanotechnik GmbH,Indirekteinleitung,"40 Metallbearbeitung, Metallverarbeitung",,,Neuss,Rhein-Kreis Neuss,,Rhein_Kreis_Neuss,40.0,341798,5669888,"[{""nr"": 1, ""bezeichnung"": ""IEANF NGT Neusser Galvanotechn"", ""abwasserbeschaffenheit"": ""Produktionsabwasser"", ""anhang"": ""40 Metallbearbeitung, Metallverarbeitung"", ""max_d"": null, ""max_h"": null, ""max_a"": null}]",,,
22222647,Novar GmbH,Indirekteinleitung,"40 Metallbearbeitung, Metallverarbeitung",,,Neuss,Rhein-Kreis Neuss,,Rhein_Kreis_Neuss,40.0,111111,1111111,"[{""nr"": 1, ""bezeichnung"": ""IEANF Durchkontaktierungsanlag"", ""abwasserbeschaffenheit"": ""Produktionsabwasser"", ""anhang"": ""40 Metallbearbeitung, Metallverarbeitung"", ""max_d"": null, ""max_h"": null, ""max_a"": ""6""}]",,,6
22222648,Novar GmbH,Indirekteinleitung,"40 Metallbearbeitung, Metallverarbeitung",,,Neuss,Rhein-Kreis Neuss,,Rhein_Kreis_Neuss,40.0,341620,5669534,"[{""nr"": 1, ""bezeichnung"": ""IEANF Siebreinigungsanlage Nov"", ""abwasserbeschaffenheit"": ""Produktionsabwasser"", ""anhang"": ""40 Metallbearbeitung, Metallverarbeitung"", ""max_d"": null, ""max_h"": null, ""max_a"": null}]",,,
22223659,Pierburg GmbH - Werk Niederrhein,Indirekteinleitung,"40 Metallbearbeitung, Metallverarbeitung
31 Wasseraufbereitung, Kühlsysteme, Dampferzeugung","3.8.1
1.2.3.2","0
2.5.b",Neuss,BR Düsseldorf,9995319,Rhein_Kreis_Neuss,40.0,323389,5675202,"[{""nr"": 1, ""bezeichnung"": ""Kühlkreislauf Filter"", ""abwasserbeschaffenheit"": ""Kühlwasser"", ""anhang"": ""31 Wasseraufbereitung, Kühlsysteme, Dampferzeugung"", ""max_d"": null, ""max_h"": null, ""max_a"": null}, {""nr"": 2, ""bezeichnung"": ""Mechanische Nachbearbeitung"", ""abwasserbeschaffenheit"": ""Produktionsabwasser"", ""anhang"": ""40 Metallbearbeitung, Metallverarbeitung"", ""max_d"": null, ""max_h"": null, ""max_a"": null}, {""nr"": 3, ""bezeichnung"": ""Wasseraufbereitung"", ""abwasserbeschaffenheit"": ""sonstiges Abwasser (verändertes Wasser)"", ""anhang"": ""31 Wasseraufbereitung, Kühlsysteme, Dampferzeugung"", ""max_d"": null, ""max_h"": null, ""max_a"": null}, {""nr"": 4, ""bezeichnung"": ""Abflutung Hybridkühlung"", ""abwasserbeschaffenheit"": ""Kühlwasser"", ""anhang"": ""31 Wasseraufbereitung, Kühlsysteme, Dampferzeugung"", ""max_d"": null, ""max_h"": null, ""max_a"": null}]",,,
22222650,SAFE-TEC GmbH,Indirekteinleitung,55 Wäschereien,,,Kaarst,Rhein-Kreis Neuss,,Rhein_Kreis_Neuss,55.0,334556,5676329,"[{""nr"": 1, ""bezeichnung"": ""IEANF Reinigung SAFE-TEC GmbH"", ""abwasserbeschaffenheit"": ""Produktionsabwasser"", ""anhang"": ""55 Wäschereien"", ""max_d"": ""14,3"", ""max_h"": null, ""max_a"": ""2845""}]","14,3",,2845
22222393,Teepack GmbH & Co. KG,Indirekteinleitung,"40 Metallbearbeitung, Metallverarbeitung",,,Meerbusch,Rhein-Kreis Neuss,,Rhein_Kreis_Neuss,40.0,339071,5679549,"[{""nr"": 1, ""bezeichnung"": ""IEANF Gleitschleifanlage Teepa"", ""abwasserbeschaffenheit"": ""Produktionsabwasser"", ""anhang"": ""40 Metallbearbeitung, Metallverarbeitung"", ""max_d"": null, ""max_h"": null, ""max_a"": ""2""}]",,,2
22222748,Terkes,Indirekteinleitung,55 Wäschereien,,,Rommerskirchen,Rhein-Kreis Neuss,,Rhein_Kreis_Neuss,55.0,337853,5656234,"[{""nr"": 1, ""bezeichnung"": ""IEANF Terkes"", ""abwasserbeschaffenheit"": ""Produktionsabwasser"", ""anhang"": ""55 Wäschereien"", ""max_d"": ""0,5"", ""max_h"": null, ""max_a"": ""110""}]","0,5",,110
22222178,Textron Verbindungstechnik GmbH & Co. OH,Indirekteinleitung,"40 Metallbearbeitung, Metallverarbeitung",,,Neuss,Rhein-Kreis Neuss,,Rhein_Kreis_Neuss,40.0,338076,5675206,"[{""nr"": 1, ""bezeichnung"": ""IEANF Phosphatieranlage Textro"", ""abwasserbeschaffenheit"": ""Produktionsabwasser"", ""anhang"": ""40 Metallbearbeitung, Metallverarbeitung"", ""max_d"": ""144"", ""max_h"": null, ""max_a"": ""42000""}]",144,,42000
2224684,AC Chem. Werke,Indirekteinleitung,22 Chemische Industrie,,,Aachen,Stadt Aachen,,St_dteregion_Aachen,22.0,111111,1111111,"[{""nr"": 1, ""bezeichnung"": ""Chem. Betrieb"", ""abwasserbeschaffenheit"": ""Produktionsabwasser"", ""anhang"": ""22 Chemische Industrie"", ""max_d"": null, ""max_h"": null, ""max_a"": null}]",,,
2225457,Behinderten Einrichtung,Indirekteinleitung,55 Wäschereien,,,Aachen,Stadt Aachen,,St_dteregion_Aachen,55.0,111111,1111111,"[{""nr"": 1, ""bezeichnung"": ""Wäscherei"", ""abwasserbeschaffenheit"": ""Produktionsabwasser"", ""anhang"": ""55 Wäschereien"", ""max_d"": null, ""max_h"": null, ""max_a"": null}]",,,
2223355,Colorex,,"40 Metallbearbeitung, Metallverarbeitung",,,Aachen,Stadt Aachen,,St_dteregion_Aachen,40.0,111111,1111111,"[{""nr"": 1, ""bezeichnung"": ""Abbeizbetrieb"", ""abwasserbeschaffenheit"": ""Produktionsabwasser"", ""anhang"": ""40 Metallbearbeitung, Metallverarbeitung"", ""max_d"": null, ""max_h"": null, ""max_a"": null}]",,,
2223509,Flamm,Indirekteinleitung,"40 Metallbearbeitung, Metallverarbeitung",,,Aachen,Stadt Aachen,,St_dteregion_Aachen,40.0,111111,1111111,"[{""nr"": 1, ""bezeichnung"": ""Metallverarbeitung"", ""abwasserbeschaffenheit"": ""Produktionsabwasser"", ""anhang"": ""40 Metallbearbeitung, Metallverarbeitung"", ""max_d"": null, ""max_h"": null, ""max_a"": null}]",,,
2226257,Fleuster,Indirekteinleitung,"40 Metallbearbeitung, Metallverarbeitung",,,Aachen,Stadt Aachen,,St_dteregion_Aachen,40.0,111111,1111111,"[{""nr"": 1, ""bezeichnung"": ""Metallverarbeitung"", ""abwasserbeschaffenheit"": ""Produktionsabwasser"", ""anhang"": ""40 Metallbearbeitung, Metallverarbeitung"", ""max_d"": null, ""max_h"": null, ""max_a"": null}]",,,
2223108,Grenzland GmbH,Indirekteinleitung,"40 Metallbearbeitung, Metallverarbeitung",,,Aachen,Stadt Aachen,,St_dteregion_Aachen,40.0,111111,1111111,"[{""nr"": 1, ""bezeichnung"": ""Metallverarbeitung"", ""abwasserbeschaffenheit"": ""Produktionsabwasser"", ""anhang"": ""40 Metallbearbeitung, Metallverarbeitung"", ""max_d"": null, ""max_h"": null, ""max_a"": null}]",,,
2221935,Grünenthal GmbH,Indirekteinleitung,"22 Chemische Industrie
31 Wasseraufbereitung, Kühlsysteme, Dampferzeugung","1.2.3.1
1.2.3.2
4.1.19","0
4.5",Aachen,BR Köln,0226771,St_dteregion_Aachen,22.0,298963,5627821,"[{""nr"": 1, ""bezeichnung"": ""Wasseraufbereitung"", ""abwasserbeschaffenheit"": ""Produktionsabwasser"", ""anhang"": ""31 Wasseraufbereitung, Kühlsysteme, Dampferzeugung"", ""max_d"": ""144"", ""max_h"": null, ""max_a"": null}, {""nr"": 2, ""bezeichnung"": ""Labor / Produktion"", ""abwasserbeschaffenheit"": ""Produktionsabwasser"", ""anhang"": ""22 Chemische Industrie"", ""max_d"": null, ""max_h"": null, ""max_a"": ""30000""}, {""nr"": 3, ""bezeichnung"": ""Dampferzeugung"", ""abwasserbeschaffenheit"": ""Produktionsabwasser"", ""anhang"": ""31 Wasseraufbereitung, Kühlsysteme, Dampferzeugung"", ""max_d"": ""5"", ""max_h"": null, ""max_a"": null}]",144; 5,,30000
2224721,"Haugg, A.  Kühlerfabrik",Indirekteinleitung,"40 Metallbearbeitung, Metallverarbeitung",,,Aachen,Stadt Aachen,,St_dteregion_Aachen,40.0,111111,1111111,"[{""nr"": 1, ""bezeichnung"": ""Metallverarbeitung"", ""abwasserbeschaffenheit"": ""Produktionsabwasser"", ""anhang"": ""40 Metallbearbeitung, Metallverarbeitung"", ""max_d"": null, ""max_h"": null, ""max_a"": null}]",,,
2222680,KME Stolberg GmbH,"industrielle/gewerbliche Direkteinleitung
Indirekteinleitung","40 Metallbearbeitung, Metallverarbeitung
31 Wasseraufbereitung, Kühlsysteme, Dampferzeugung
49 Mineralölhaltiges Abwasser","3.6.3
3.9.1.2",0,Stolberg (Rhld.),BR Köln,0875346,St_dteregion_Aachen,40.0,304404,5628810,"[{""nr"": 1, ""bezeichnung"": ""Dachflächenwässer"", ""abwasserbeschaffenheit"": ""Niederschlagswasser ohne Sonderbauwerk"", ""anhang"": """", ""max_d"": null, ""max_h"": null, ""max_a"": null}, {""nr"": 2, ""bezeichnung"": ""Beizerei"", ""abwasserbeschaffenheit"": ""Produktionsabwasser"", ""anhang"": ""40 Metallbearbeitung, Metallverarbeitung"", ""max_d"": ""48"", ""max_h"": null, ""max_a"": ""17520""}, {""nr"": 3, ""bezeichnung"": ""Waschplatz"", ""abwasserbeschaffenheit"": ""Produktionsabwasser"", ""anhang"": ""49 Mineralölhaltiges Abwasser"", ""max_d"": ""2"", ""max_h"": null, ""max_a"": ""545""}, {""nr"": 4, ""bezeichnung"": ""Kühlwasser"", ""abwasserbeschaffenheit"": ""Produktionsabwasser"", ""anhang"": ""31 Wasseraufbereitung, Kühlsysteme, Dampferzeugung"", ""max_d"": null, ""max_h"": null, ""max_a"": ""2600""}]",48; 2,,17520; 545; 2600
2222332,Lejeune Dienste GmbH,Indirekteinleitung,55 Wäschereien,,,Aachen,Stadt Aachen,,St_dteregion_Aachen,55.0,111111,1111111,"[{""nr"": 1, ""bezeichnung"": ""Wäscherei AREI"", ""abwasserbeschaffenheit"": ""Produktionsabwasser"", ""anhang"": ""55 Wäschereien"", ""max_d"": null, ""max_h"": null, ""max_a"": null}]",,,
2223,Otto Junker GmbH,"industrielle/gewerbliche Direkteinleitung
Indirekteinleitung","40 Metallbearbeitung, Metallverarbeitung
99 Keine eindeutige Zuordnung möglich
31 Wasseraufbereitung, Kühlsysteme, Dampferzeugung","3.4.2
3.7.1
3.8.1
1.2.2.1
9.1.1.2","0
2.4
2.5.b",Simmerath,BR Köln,0096302,St_dteregion_Aachen,40.0,307359,5613056,"[{""nr"": 1, ""bezeichnung"": ""Rissprüfung Metallverarbeitung"", ""abwasserbeschaffenheit"": ""sonstiges Abwasser (verändertes Wasser)"", ""anhang"": ""99 Keine eindeutige Zuordnung möglich"", ""max_d"": null, ""max_h"": ""0,14"", ""max_a"": null}, {""nr"": 2, ""bezeichnung"": ""Mechanische Werkstatt"", ""abwasserbeschaffenheit"": ""Produktionsabwasser"", ""anhang"": ""40 Metallbearbeitung, Metallverarbeitung"", ""max_d"": ""1,5"", ""max_h"": null, ""max_a"": null}, {""nr"": 3, ""bezeichnung"": ""Kühlwasserkreislauf"", ""abwasserbeschaffenheit"": ""Produktionsabwasser"", ""anhang"": ""31 Wasseraufbereitung, Kühlsysteme, Dampferzeugung"", ""max_d"": ""1"", ""max_h"": null, ""max_a"": null}, {""nr"": 4, ""bezeichnung"": ""Kupferfilteranlage"", ""abwasserbeschaffenheit"": ""Produktionsabwasser"", ""anhang"": ""40 Metallbearbeitung, Metallverarbeitung"", ""max_d"": ""1"", ""max_h"": null, ""max_a"": null}, {""nr"": 5, ""bezeichnung"": ""Drainage-u. Niederschlagswässer -> E1"", ""abwasserbeschaffenheit"": ""Niederschlagswasser mit Sonderbauwerk"", ""anhang"": """", ""max_d"": null, ""max_h"": null, ""max_a"": null}, {""nr"": 6, ""bezeichnung"": ""NW -> E2 / Junker"", ""abwasserbeschaffenheit"": ""Niederschlagswasser ohne Sonderbauwerk"", ""anhang"": """", ""max_d"": null, ""max_h"": null, ""max_a"": null}]","1,5; 1; 1","0,14",
2225298,Pallas,Indirekteinleitung,"40 Metallbearbeitung, Metallverarbeitung",,,Aachen,Stadt Aachen,,St_dteregion_Aachen,40.0,111111,1111111,"[{""nr"": 1, ""bezeichnung"": ""Metallverarbeitung"", ""abwasserbeschaffenheit"": ""Produktionsabwasser"", ""anhang"": ""40 Metallbearbeitung, Metallverarbeitung"", ""max_d"": null, ""max_h"": null, ""max_a"": null}]",,,
2223023,Pallas GmbH & Co. KG,Indirekteinleitung,"40 Metallbearbeitung, Metallverarbeitung",3.10.1,2.6,Würselen,BR Köln,0332530,St_dteregion_Aachen,40.0,299371,5632081,"[{""nr"": 1, ""bezeichnung"": ""Galvanik"", ""abwasserbeschaffenheit"": ""Produktionsabwasser"", ""anhang"": ""40 Metallbearbeitung, Metallverarbeitung"", ""max_d"": ""10,64"", ""max_h"": ""1,33"", ""max_a"": ""2341""}]","10,64","1,33",2341
2225212,PRYM FASHION,Indirekteinleitung,"40 Metallbearbeitung, Metallverarbeitung
31 Wasseraufbereitung, Kühlsysteme, Dampferzeugung",3.10.1,"0
2.6",Stolberg (Rhld.),BR Köln,9001253,St_dteregion_Aachen,40.0,304770,5626710,"[{""nr"": 1, ""bezeichnung"": ""Metallverarbeitung"", ""abwasserbeschaffenheit"": ""Produktionsabwasser"", ""anhang"": ""40 Metallbearbeitung, Metallverarbeitung"", ""max_d"": null, ""max_h"": null, ""max_a"": ""175000""}, {""nr"": 2, ""bezeichnung"": ""Kiesfilteranlage"", ""abwasserbeschaffenheit"": ""Produktionsabwasser"", ""anhang"": ""31 Wasseraufbereitung, Kühlsysteme, Dampferzeugung"", ""max_d"": null, ""max_h"": null, ""max_a"": ""1920""}, {""nr"": 3, ""bezeichnung"": ""Kühlwasser Fa. Aurubis"", ""abwasserbeschaffenheit"": ""Produktionsabwasser"", ""anhang"": ""31 Wasseraufbereitung, Kühlsysteme, Dampferzeugung"", ""max_d"": ""36"", ""max_h"": null, ""max_a"": ""13140""}, {""nr"": 4, ""bezeichnung"": ""Umkehrosmose"", ""abwasserbeschaffenheit"": ""Produktionsabwasser"", ""anhang"": ""31 Wasseraufbereitung, Kühlsysteme, Dampferzeugung"", ""max_d"": null, ""max_h"": null, ""max_a"": ""5500""}]",36,,175000; 1920; 13140; 5500
2224704,Rhein-Nadel,Indirekteinleitung,"40 Metallbearbeitung, Metallverarbeitung",,,Aachen,Stadt Aachen,,St_dteregion_Aachen,40.0,111111,1111111,"[{""nr"": 1, ""bezeichnung"": ""Metallverarbeitung"", ""abwasserbeschaffenheit"": ""Produktionsabwasser"", ""anhang"": ""40 Metallbearbeitung, Metallverarbeitung"", ""max_d"": null, ""max_h"": null, ""max_a"": null}]",,,
2224169,Schumag,Indirekteinleitung,"40 Metallbearbeitung, Metallverarbeitung",,,Aachen,Stadt Aachen,,St_dteregion_Aachen,40.0,111111,1111111,"[{""nr"": 1, ""bezeichnung"": ""Metallverarbeitung"", ""abwasserbeschaffenheit"": ""Produktionsabwasser"", ""anhang"": ""40 Metallbearbeitung, Metallverarbeitung"", ""max_d"": null, ""max_h"": null, ""max_a"": null}]",,,
